,City,Lat,Lng,Max Temp,Humidity,Cloudiness,Wind Speed,Country,Date
0,cockburn town,21.4612,-71.1419,82.4,61,40,17.27,TC,1619716336
1,quepos,9.4236,-84.1652,75.2,73,75,5.75,CR,1619716402
2,nanortalik,60.1432,-45.2371,38.7,78,16,5.77,GL,1619716294
3,codrington,-38.2667,141.9667,53.24,91,22,5.5,AU,1619716402
4,eisiskes,54.1667,25.0,55.99,47,0,5.75,LT,1619716403
5,mataura,-46.1927,168.8643,53.01,95,100,11.99,NZ,1619715832
6,hobyo,5.3505,48.5268,85.46,68,81,13.31,SO,1619716403
7,saskylakh,71.9167,114.0833,32.68,89,100,14.43,RU,1619715846
8,butaritari,3.0707,172.7902,83.08,76,100,15.59,KI,1619715878
9,garowe,8.4054,48.4845,83.57,56,79,17.45,SO,1619716404
10,chuy,-33.6971,-53.4616,70.81,44,0,4.52,UY,1619715847
11,klaksvik,62.2266,-6.589,39.2,60,75,14.97,FO,1619716019
12,taft,31.7471,54.2088,82.4,18,75,2.3,IR,1619716405
13,dumas,35.8656,-101.9732,68.0,32,1,18.41,US,1619716405
14,albany,42.6001,-73.9662,57.0,90,100,1.57,US,1619716133
15,ilulissat,69.2167,-51.1,42.8,49,75,4.61,GL,1619716406
16,grindavik,63.8424,-22.4338,42.8,70,75,5.75,IS,1619716406
17,cape town,-33.9258,18.4232,62.01,59,20,17.27,ZA,1619716142
18,vinh,18.6667,105.6667,67.57,89,100,1.9,VN,1619716407
19,geraldton,-28.7667,114.6,69.8,83,75,17.27,AU,1619716407
20,hobart,-42.8794,147.3294,54.0,94,90,1.43,AU,1619716322
21,belaya gora,68.5333,146.4167,13.95,92,71,1.92,RU,1619716408
22,kavieng,-2.5744,150.7967,82.72,73,37,6.42,PG,1619716408
23,cidreira,-30.1811,-50.2056,70.43,56,0,7.31,BR,1619716409
24,waddan,29.1614,16.139,98.92,6,86,7.38,LY,1619716409
25,san cristobal,7.7669,-72.225,75.2,100,75,6.91,VE,1619716410
26,qaanaaq,77.484,-69.3632,24.85,72,35,8.9,GL,1619716410
27,nemuro,43.3236,145.575,37.96,98,100,18.12,JP,1619716411
28,jumla,29.2747,82.1838,50.32,86,93,4.38,NP,1619716411
29,beloha,-25.1667,45.05,74.37,76,1,9.71,MG,1619716412
30,castro,-24.7911,-50.0119,68.4,46,2,7.36,BR,1619716413
31,mount gambier,-37.8333,140.7667,46.4,100,90,3.87,AU,1619716414
32,hilo,19.7297,-155.09,73.4,83,90,10.36,US,1619716274
33,san andres,12.5847,-81.7006,86.0,66,40,9.22,CO,1619716414
34,puerto escondido,15.85,-97.0667,86.0,74,75,4.61,MX,1619716415
35,mujiayingzi,42.1167,118.7833,37.99,24,4,4.92,CN,1619716415
36,rikitea,-23.1203,-134.9692,75.74,69,94,9.24,PF,1619716415
37,touros,-5.1989,-35.4608,86.0,66,75,14.97,BR,1619716416
38,scottsbluff,41.8666,-103.6672,66.0,34,1,8.32,US,1619716396
39,hithadhoo,-0.6,73.0833,84.06,69,36,8.3,MV,1619716285
40,morant bay,17.8815,-76.4093,86.0,70,20,19.57,JM,1619716339
41,jamestown,42.097,-79.2353,61.0,100,90,9.22,US,1619716215
42,namibe,-15.1961,12.1522,76.62,69,55,14.94,AO,1619716417
43,dikson,73.5069,80.5464,0.28,99,39,5.55,RU,1619716418
44,manado,1.487,124.8455,77.27,89,90,2.57,ID,1619716418
45,upernavik,72.7868,-56.1549,32.97,66,39,2.82,GL,1619716419
46,bluff,-46.6,168.3333,53.01,95,100,11.99,NZ,1619716420
47,yulara,-25.2406,130.9889,51.8,46,44,4.61,AU,1619716420
48,saint george,37.1041,-113.5841,72.0,24,0,1.5,US,1619716301
49,atuona,-9.8,-139.0333,78.71,74,22,7.78,PF,1619716277
50,tazovskiy,67.4667,78.7,29.46,93,100,5.99,RU,1619716421
51,east london,-33.0153,27.9116,60.8,94,20,10.36,ZA,1619716421
52,punta arenas,-53.15,-70.9167,42.8,70,0,4.61,CL,1619716422
53,meulaboh,4.1363,96.1285,78.03,87,99,4.56,ID,1619716423
54,port alfred,-33.5906,26.891,65.43,74,99,15.12,ZA,1619716275
55,tagab,34.855,69.6492,64.4,36,0,4.61,AF,1619716424
56,candolim,15.5181,73.7626,84.2,61,20,10.36,IN,1619716424
57,ushuaia,-54.8,-68.3,42.8,56,20,6.91,AR,1619716424
58,bethel,41.3712,-73.414,69.8,73,75,6.91,US,1619716425
59,porto novo,6.4965,2.6036,86.0,74,40,10.36,BJ,1619716425
60,tasiilaq,65.6145,-37.6368,33.8,86,75,2.3,GL,1619716426
61,shimoda,34.6667,138.95,63.0,86,100,1.99,JP,1619716426
62,carnarvon,-24.8667,113.6333,71.6,94,18,11.5,AU,1619716427
63,durban,-29.8579,31.0292,72.0,78,90,9.22,ZA,1619716427
64,bengkulu,-3.8004,102.2655,76.5,90,88,3.36,ID,1619716428
65,paracuru,-3.41,-39.0306,82.99,72,98,15.01,BR,1619716428
66,half moon bay,37.4636,-122.4286,66.99,72,40,5.75,US,1619716405
67,hermanus,-34.4187,19.2345,57.99,76,83,8.19,ZA,1619716325
68,pandan,14.0453,124.1694,74.01,84,94,3.02,PH,1619716429
69,rocha,-34.4833,-54.3333,72.95,45,1,3.89,UY,1619716429
70,omboue,-1.5746,9.2618,81.46,79,45,5.91,GA,1619716430
71,kavaratti,10.5669,72.642,85.23,71,36,5.95,IN,1619716431
72,vaini,-21.2,-175.2,77.0,94,90,5.75,TO,1619716433
73,neuquen,-38.9516,-68.0591,68.0,60,0,4.61,AR,1619716376
74,narsaq,60.9167,-46.05,41.0,70,75,5.75,GL,1619716435
75,walvis bay,-22.9575,14.5053,62.6,63,2,12.66,NA,1619716435
76,abeche,13.8292,20.8324,93.58,8,6,7.52,TD,1619716436
77,progreso,21.2833,-89.6667,93.99,38,75,16.11,MX,1619716437
78,anito,12.4497,125.2886,74.57,86,100,0.6,PH,1619716437
79,novobirilyussy,56.9514,90.6661,41.38,84,99,7.72,RU,1619716437
80,khatanga,71.9667,102.5,30.27,91,100,12.26,RU,1619716438
81,tiarei,-17.5333,-149.3333,75.2,83,20,4.61,PF,1619716439
82,georgetown,5.4112,100.3354,78.8,94,40,3.44,MY,1619716316
83,busselton,-33.65,115.3333,51.01,97,88,14.63,AU,1619716439
84,cananea,30.95,-110.3,62.01,39,3,8.99,MX,1619716440
85,talnakh,69.4865,88.3972,29.98,98,100,3.91,RU,1619716440
86,watertown,42.3709,-71.1828,53.01,87,90,3.44,US,1619716410
87,ponta do sol,32.6667,-17.1,62.01,78,65,1.99,PT,1619716441
88,lovington,32.944,-103.3485,51.8,87,75,12.66,US,1619716441
89,itapage,-3.6867,-39.5861,81.52,76,100,5.23,BR,1619716442
90,kalabo,-14.97,22.6814,71.26,69,91,5.55,ZM,1619716318
91,naryan-mar,67.6713,53.087,27.41,83,61,6.91,RU,1619716443
92,nikolskoye,59.7035,30.7861,44.6,31,0,6.71,RU,1619716443
93,yellowknife,62.456,-114.3525,24.01,63,20,2.3,CA,1619716331
94,talakan,50.3167,130.3667,40.89,77,25,7.47,RU,1619716444
95,lebu,-37.6167,-73.65,61.03,74,100,3.96,CL,1619716445
96,saint-leu,-21.15,55.2833,75.2,83,20,1.14,RE,1619716446
97,torbay,47.6666,-52.7314,48.99,57,75,8.05,CA,1619716446
98,tuktoyaktuk,69.4541,-133.0374,15.8,73,20,12.66,CA,1619716447
99,faanui,-16.4833,-151.75,81.46,71,54,7.96,PF,1619716447
100,santa maria da vitoria,-13.3947,-44.1886,88.99,40,80,5.1,BR,1619716231
101,kapaa,22.0752,-159.319,69.8,83,90,6.91,US,1619716449
102,clyde river,70.4692,-68.5914,26.6,93,90,5.75,CA,1619716450
103,ahuimanu,21.4447,-157.8378,73.4,88,90,4.61,US,1619716451
104,sosnovo-ozerskoye,52.5249,111.5418,27.1,92,74,5.66,RU,1619716247
105,karla,59.3723,24.9275,44.6,36,0,5.75,EE,1619716452
106,namatanai,-3.6667,152.4333,79.32,80,25,3.69,PG,1619716452
107,yar-sale,66.8333,70.8333,23.31,94,100,7.58,RU,1619716452
108,kachiry,53.0675,76.1036,52.56,56,94,8.61,KZ,1619716454
109,hegang,47.4,130.3667,45.59,60,99,7.43,CN,1619716455
110,barrow,71.2906,-156.7887,19.4,86,90,9.22,US,1619716455
111,hamilton,39.1834,-84.5333,69.8,78,90,17.27,US,1619716175
112,sangar,63.9242,127.4739,14.34,98,81,3.02,RU,1619716456
113,sakakah,29.9697,40.2064,89.6,9,0,4.61,SA,1619716453
114,mattoon,39.4831,-88.3728,60.01,88,90,13.8,US,1619716456
115,souillac,-20.5167,57.5167,77.0,88,75,13.8,MU,1619716457
116,sotnikovo,51.8845,107.4791,28.4,50,1,4.47,RU,1619716457
117,edgewater,28.9889,-80.9023,87.01,58,40,12.66,US,1619716458
118,mongu,-15.2484,23.1274,72.5,63,90,2.3,ZM,1619716459
119,keti bandar,24.1447,67.4497,82.26,79,0,15.3,PK,1619716389
120,camacha,33.0833,-16.3333,66.2,55,40,9.22,PT,1619716459
121,pangai,-19.8,-174.35,79.65,80,94,6.64,TO,1619716460
122,ribeira grande,38.5167,-28.7,64.4,52,40,12.66,PT,1619716460
123,san jose,37.3394,-121.895,72.0,55,75,3.44,US,1619716341
124,leningradskiy,69.3833,178.4167,16.68,91,94,4.5,RU,1619716461
125,new norfolk,-42.7826,147.0587,54.0,91,29,1.77,AU,1619716289
126,altoona,40.5187,-78.3947,66.99,89,100,3.0,US,1619716461
127,arraial do cabo,-22.9661,-42.0278,77.0,73,75,9.22,BR,1619716462
128,umm kaddadah,13.6017,26.6876,90.0,12,62,10.76,SD,1619716462
129,marzuq,14.4,46.4667,74.19,66,97,7.05,YE,1619716462
130,banda aceh,5.5577,95.3222,81.18,77,100,1.48,ID,1619716463
131,nabire,-3.3667,135.4833,75.81,91,100,2.86,ID,1619716463
132,padang,-0.9492,100.3543,76.82,88,100,4.21,ID,1619716464
133,winnemucca,40.973,-117.7357,66.2,24,1,6.91,US,1619716378
134,nicoya,10.1483,-85.452,87.8,48,75,8.05,CR,1619716464
135,weligama,5.9667,80.4167,78.8,86,73,5.73,LK,1619716464
136,mwinilunga,-11.7358,24.4293,64.92,91,79,3.91,ZM,1619716465
137,hasaki,35.7333,140.8333,66.2,88,75,14.97,JP,1619716466
138,guerrero negro,27.9769,-114.0611,69.64,51,0,8.57,MX,1619716466
139,solnechnyy,50.7214,136.6319,33.55,89,98,7.05,RU,1619716466
140,puerto ayora,-0.7393,-90.3518,82.4,69,20,18.41,EC,1619716282
141,kloulklubed,7.0419,134.2556,77.0,94,75,4.61,PW,1619716410
142,atikokan,48.7555,-91.6216,47.77,55,89,11.05,CA,1619716467
143,taoudenni,22.6783,-3.9836,106.86,9,38,10.92,ML,1619716468
144,aykhal,66.0,111.5,13.46,99,62,5.44,RU,1619716468
145,cherskiy,68.75,161.3,7.18,96,95,4.05,RU,1619716469
146,bandarbeyla,9.4942,50.8122,83.95,75,87,9.75,SO,1619716469
147,airai,-8.9266,125.4092,59.52,91,92,1.81,TL,1619716470
148,port lincoln,-34.7333,135.8667,63.91,68,0,9.4,AU,1619716470
149,takoradi,4.8845,-1.7554,84.16,72,100,10.98,GH,1619716471
150,palmer,42.1584,-72.3287,62.01,100,90,5.75,US,1619716471
151,lagoa,39.05,-27.9833,58.12,64,64,13.09,PT,1619716344
152,muli,2.9167,73.5667,83.62,74,52,7.96,MV,1619716472
153,coquimbo,-29.9533,-71.3436,62.6,72,0,4.61,CL,1619716472
154,tuatapere,-46.1333,167.6833,53.01,95,98,11.99,NZ,1619716312
155,avarua,-21.2078,-159.775,78.8,89,40,6.91,CK,1619716287
156,darlowo,54.421,16.4107,51.01,100,100,14.67,PL,1619716474
157,sola,-13.8833,167.55,80.87,65,99,21.21,VU,1619716474
158,salvador,13.8333,-88.9167,86.0,62,40,4.61,SV,1619716475
159,victoria,22.2855,114.1577,75.0,83,94,3.42,HK,1619716466
160,rafaela,-31.2503,-61.4867,75.0,36,0,4.0,AR,1619716477
161,maldonado,-34.6667,-54.9167,71.6,56,20,5.75,UY,1619716477
162,fairbanks,64.8378,-147.7164,37.99,64,90,3.44,US,1619716474
163,bubaque,11.2833,-15.8333,79.12,67,27,15.75,GW,1619716478
164,union,40.6334,-74.2663,75.99,53,90,9.22,US,1619716479
165,aripuana,-9.1667,-60.6333,84.76,56,97,6.24,BR,1619716266
166,payson,40.0444,-111.7321,62.01,47,1,5.75,US,1619716425
167,nuuk,64.1835,-51.7216,30.2,100,90,4.61,GL,1619716288
168,port elizabeth,-33.918,25.5701,59.0,88,0,10.36,ZA,1619716343
169,atambua,-9.1061,124.8925,72.37,88,55,3.58,ID,1619716480
170,kandalaksha,67.162,32.4123,28.99,100,100,10.33,RU,1619716480
171,biskamzha,53.4497,89.5272,39.4,98,100,2.39,RU,1619716481
172,saint-philippe,-21.3585,55.7679,77.0,83,20,6.91,RE,1619716481
173,longavi,-35.9667,-71.6833,73.42,29,77,3.98,CL,1619716484
174,pisco,-13.7,-76.2167,68.0,88,75,8.05,PE,1619716224
175,ambilobe,-13.2,49.05,76.33,87,17,2.04,MG,1619716434
176,saint anthony,45.0205,-93.218,64.4,45,40,18.41,US,1619716485
177,grahamstown,-33.3042,26.5328,55.65,89,100,11.01,ZA,1619716485
178,palu,-0.8917,119.8707,75.18,95,70,2.62,ID,1619716485
179,lavrentiya,65.5833,-171.0,19.0,83,100,4.97,RU,1619716486
180,paita,-5.0892,-81.1144,84.2,54,0,14.97,PE,1619716487
181,sao felix do xingu,-6.6447,-51.995,87.66,56,70,3.0,BR,1619716487
182,columbus,39.9612,-82.9988,69.01,88,90,21.85,US,1619716460
183,saint-pierre,-21.3393,55.4781,75.2,83,20,1.14,RE,1619716490
184,sao filipe,14.8961,-24.4956,72.95,77,55,9.75,CV,1619716491
185,necochea,-38.5473,-58.7368,77.0,51,36,5.99,AR,1619716491
186,mahebourg,-20.4081,57.7,75.2,94,75,13.8,MU,1619716491
187,rovaniemi,66.5,25.7167,35.6,44,0,8.05,FI,1619716224
188,torzhok,57.0436,34.9622,41.65,70,76,3.76,RU,1619716492
189,viedma,-40.8135,-62.9967,79.83,31,76,17.76,AR,1619716492
190,bathsheba,13.2167,-59.5167,78.8,65,20,13.8,BB,1619716493
191,cabo san lucas,22.8909,-109.9124,82.0,49,1,10.36,MX,1619716493
192,mar del plata,-38.0023,-57.5575,75.2,53,0,9.22,AR,1619716494
193,maryborough,-25.5333,152.7,64.99,93,91,5.01,AU,1619716494
194,mandal,25.45,74.5667,88.93,15,83,9.26,IN,1619716495
195,margate,51.3813,1.3862,50.0,55,50,1.01,GB,1619716228
196,namwala,-15.7504,26.4384,73.72,54,34,2.44,ZM,1619716496
197,hofn,64.2539,-15.2082,42.8,56,75,9.22,IS,1619716496
198,bekovo,52.4663,43.712,43.81,71,50,6.51,RU,1619716497
199,saint-felix-de-valois,46.1668,-73.4324,64.4,45,98,6.91,CA,1619716497
200,boende,-0.2167,20.8667,74.23,93,82,2.26,CD,1619716498
201,sioux lookout,50.1001,-91.917,42.8,56,75,11.5,CA,1619716492
202,pachino,36.7186,15.0907,78.8,27,4,14.97,IT,1619716499
203,port blair,11.6667,92.75,81.12,75,56,2.01,IN,1619716499
204,saldanha,-33.0117,17.9442,60.8,59,0,17.27,ZA,1619716500
205,filadelfia,39.9523,-75.1638,80.01,57,90,14.97,US,1619716208
206,lundazi,-12.2929,33.1782,65.64,89,48,7.27,ZM,1619716500
207,olafsvik,64.8945,-23.7142,40.59,75,31,6.76,IS,1619716501
208,tahara,34.6667,137.2667,57.99,55,96,4.0,JP,1619716503
209,boddam,57.4667,-1.7833,44.6,65,75,11.5,GB,1619716504
210,elizabeth city,36.2946,-76.2511,84.0,54,1,23.02,US,1619716504
211,lompoc,34.6391,-120.4579,73.0,40,0,2.59,US,1619716504
212,vardo,70.3705,31.1107,30.2,93,75,20.71,NO,1619716505
213,gualaceo,-2.9,-78.7833,60.8,88,90,10.36,EC,1619716505
214,longyearbyen,78.2186,15.6401,23.0,58,40,13.8,SJ,1619716506
215,marcali,46.585,17.412,68.0,52,0,12.66,HU,1619716506
216,mosquera,4.7059,-74.2302,62.6,67,75,6.91,CO,1619716403
217,naze,28.3667,129.4833,62.58,73,48,9.22,JP,1619716507
218,pervomayskoye,43.919,46.7102,56.43,68,72,13.44,RU,1619716508
219,rio gallegos,-51.6226,-69.2181,44.6,61,75,8.05,AR,1619716508
220,neyvo-shaytanskiy,57.7286,61.2496,40.86,69,78,7.36,RU,1619716509
221,martapura,-3.4167,114.85,78.8,94,75,2.3,ID,1619716510
222,kungurtug,50.5994,97.5228,32.05,86,63,1.81,RU,1619716510
223,gidam,18.9833,81.4,81.5,42,56,3.2,IN,1619716511
224,sarangani,5.4033,125.4636,82.49,76,91,6.89,PH,1619716511
225,dovolnoye,54.4958,79.6671,48.16,79,100,12.93,RU,1619716513
226,gobabis,-22.45,18.9667,74.82,27,75,13.56,NA,1619716513
227,bratsk,56.1325,101.6142,33.8,32,70,4.47,RU,1619716514
228,rio brilhante,-21.8019,-54.5464,85.64,16,11,5.59,BR,1619716514
229,monrovia,6.3005,-10.7969,87.8,74,40,13.8,LR,1619716515
230,nhulunbuy,-12.2333,136.7667,73.4,94,67,2.3,AU,1619716485
231,chapais,49.7834,-74.8492,57.2,33,1,5.75,CA,1619716515
232,ternate,0.8,127.4,81.23,76,100,1.16,ID,1619716310
233,bredasdorp,-34.5322,20.0403,55.4,82,100,1.14,ZA,1619716516
234,hovd,48.0056,91.6419,58.15,31,18,5.26,MN,1619716516
235,bay roberts,47.5999,-53.2648,50.0,53,75,9.22,CA,1619716517
236,chokurdakh,70.6333,147.9167,-0.69,100,93,3.65,RU,1619716517
237,viransehir,37.2353,39.7631,75.04,32,55,8.81,TR,1619716518
238,frontera,26.9333,-101.45,78.8,41,40,9.22,MX,1619716518
239,quatre cocos,-20.2078,57.7625,77.0,94,75,13.8,MU,1619716519
240,bhuban,20.8833,85.8333,79.29,81,88,4.45,IN,1619716519
241,bambous virieux,-20.3428,57.7575,77.0,94,75,13.8,MU,1619716520
242,lufilufi,-13.8745,-171.5986,77.0,94,40,2.3,WS,1619716520
243,mancio lima,-7.6142,-72.8958,80.6,78,75,8.05,BR,1619716521
244,adet,11.2644,37.4888,60.96,77,74,5.93,ET,1619716521
245,hambantota,6.1241,81.1185,80.78,81,100,9.53,LK,1619716522
246,midland,31.9974,-102.0779,55.4,94,90,12.66,US,1619716523
247,wenling,28.3669,121.36,64.0,66,0,7.87,CN,1619716523
248,altamira,-3.2033,-52.2064,89.6,66,75,8.05,BR,1619716459
249,kerman,30.2832,57.0788,69.8,30,75,4.61,IR,1619716581
250,morondava,-20.2833,44.2833,81.01,77,0,8.88,MG,1619716581
251,kuching,1.55,110.3333,78.8,94,40,2.3,MY,1619716287
252,oeiras,-7.0253,-42.1311,95.27,34,96,4.47,BR,1619716582
253,arlit,18.7369,7.3853,106.65,5,36,9.4,NE,1619716584
254,honningsvag,70.9821,25.9704,26.6,100,90,33.38,NO,1619716584
255,lisakovsk,52.5369,62.4936,48.83,47,21,6.22,KZ,1619716585
256,ixtapa,20.7,-105.2,80.6,69,40,8.05,MX,1619716586
257,luderitz,-26.6481,15.1594,62.46,58,0,27.87,NA,1619716586
258,oksfjord,70.2396,22.3479,33.01,69,75,14.97,NO,1619716587
259,belyy yar,53.6039,91.3903,50.0,50,0,2.24,RU,1619716587
260,nioki,-2.7167,17.6833,74.84,91,97,1.95,CD,1619716588
261,kieta,-6.2167,155.6333,77.61,81,92,3.27,PG,1619716589
262,san vicente,-26.6167,-54.1333,76.98,20,0,1.83,AR,1619716589
263,asau,46.4333,26.4,55.0,55,66,2.24,RO,1619716590
264,portlethen,57.0547,-2.1307,46.0,65,75,11.5,GB,1619716590
265,katsuura,35.1333,140.3,64.0,79,100,7.0,JP,1619716591
266,moberly,39.4184,-92.4382,68.0,56,40,13.8,US,1619716591
267,provideniya,64.3833,-173.3,29.75,68,99,2.44,RU,1619716389
268,ancud,-41.8697,-73.8203,64.0,82,75,13.8,CL,1619716453
269,gornopravdinsk,60.05,69.9,39.81,87,93,8.57,RU,1619716592
270,road town,18.4167,-64.6167,82.99,69,40,10.36,VG,1619716592
271,ostrovnoy,68.0531,39.5131,23.54,85,38,10.85,RU,1619716593
272,baruun-urt,46.6806,113.2792,33.08,28,44,3.44,MN,1619716594
273,aksu,41.1231,80.2644,73.54,11,0,5.48,CN,1619716595
274,yalta,44.5,34.1667,55.99,60,37,6.71,UA,1619716595
275,key west,24.5557,-81.7826,84.99,74,1,11.5,US,1619716596
276,haverfordwest,51.8017,-4.9691,54.0,57,27,10.0,GB,1619716597
277,shahreza,32.0339,51.8794,70.09,22,63,7.96,IR,1619716597
278,polson,47.6936,-114.1632,57.0,58,100,5.28,US,1619716598
279,nikolayevsk-na-amure,53.1406,140.73,28.35,88,100,3.29,RU,1619716225
280,santo tomas,14.1079,121.1414,82.99,83,75,3.44,PH,1619716598
281,herrin,37.8031,-89.0276,68.0,88,90,14.97,US,1619716601
282,galveston,29.3669,-94.9669,80.6,74,90,11.5,US,1619716601
283,kenora,49.8167,-94.4337,41.0,45,90,5.75,CA,1619716521
284,nantucket,41.2835,-70.0995,53.6,82,90,5.75,US,1619716528
285,jiwani,25.05,61.7417,84.42,69,7,13.15,PK,1619716602
286,egvekinot,66.3167,-179.1667,10.76,87,18,7.29,RU,1619716603
287,rostovka,55.3842,71.8891,45.3,48,19,7.99,RU,1619716604
288,bauchi,10.5,10.0,97.43,15,14,6.93,NG,1619716605
289,sistranda,63.7256,8.834,42.8,65,20,11.5,NO,1619716606
290,kilindoni,-7.9139,39.6668,80.2,82,83,9.95,TZ,1619716392
291,laguna,38.421,-121.4238,73.99,30,1,5.75,US,1619716607
292,christchurch,-43.5333,172.6333,46.99,100,26,2.3,NZ,1619716348
293,ajdabiya,30.7554,20.2263,88.86,12,58,8.88,LY,1619716608
294,pangnirtung,66.1451,-65.7125,30.2,86,90,3.44,CA,1619716608
295,pevek,69.7008,170.3133,17.58,95,100,8.52,RU,1619716609
296,khani,41.9563,42.9566,62.6,72,0,4.61,GE,1619716609
297,liverpool,53.4106,-2.9779,50.0,71,20,2.3,GB,1619716560
298,vila franca do campo,37.7167,-25.4333,60.8,63,40,17.27,PT,1619716610
299,san quintin,30.4833,-115.95,70.18,47,0,7.47,MX,1619716611
300,kimberley,-28.7323,24.7623,55.4,100,75,13.44,ZA,1619716503
301,vila velha,-20.3297,-40.2925,80.6,69,40,11.5,BR,1619716612
302,santa maria do suacui,-18.1903,-42.4142,76.78,68,77,4.79,BR,1619716612
303,bilibino,68.0546,166.4372,16.72,98,99,5.14,RU,1619716613
304,alta floresta,-9.8756,-56.0861,84.2,74,40,8.05,BR,1619716613
305,constitucion,-35.3333,-72.4167,64.22,56,93,4.16,CL,1619716614
306,buala,-8.145,159.5921,78.49,81,53,1.9,SB,1619716615
307,broome,42.2506,-75.833,62.01,94,90,1.99,US,1619716615
308,resistencia,-27.4606,-58.9839,77.0,35,0,5.75,AR,1619716616
309,havre-saint-pierre,50.2334,-63.5986,48.2,71,89,10.47,CA,1619716617
310,miles city,46.4083,-105.8406,66.2,30,1,19.57,US,1619716567
311,belfast,54.5833,-5.9333,50.0,46,87,11.5,GB,1619716618
312,trairi,-3.2778,-39.2689,81.61,84,98,10.56,BR,1619716525
313,povoa de varzim,41.3834,-8.7636,60.01,62,40,13.8,PT,1619716619
314,kulhudhuffushi,6.6221,73.07,84.16,73,95,9.19,MV,1619716619
315,barillas,15.8036,-91.3158,77.0,47,40,5.12,GT,1619716620
316,tiksi,71.6872,128.8694,16.77,97,42,7.31,RU,1619716621
317,buchanan,5.8808,-10.0467,87.8,74,40,13.8,LR,1619716621
318,ippy,6.2679,21.2247,76.98,77,99,4.03,CF,1619716622
319,brazzaville,-4.2658,15.2832,89.6,58,75,3.44,CG,1619716622
320,brandon,27.9378,-82.2859,89.01,48,75,9.22,US,1619716623
321,inhambane,-23.865,35.3833,77.0,83,0,6.91,MZ,1619716624
322,talcahuano,-36.7167,-73.1167,60.8,82,40,10.36,CL,1619716624
323,san ciro de acosta,21.6333,-99.8167,97.86,16,16,7.25,MX,1619716625
324,vengerovo,55.6848,76.7471,43.66,71,25,7.27,RU,1619716626
325,polunochnoye,60.8697,60.4153,36.86,79,96,7.78,RU,1619716626
326,acajutla,13.5928,-89.8275,80.6,65,40,10.13,SV,1619716424
327,kamiiso,41.8167,140.65,43.74,92,100,7.36,JP,1619716627
328,nouadhibou,20.931,-17.0347,71.6,68,0,20.71,MR,1619716628
329,kaniama,-7.5667,24.1833,71.26,87,56,3.62,CD,1619716628
330,batagay-alyta,67.8006,130.4114,9.86,92,100,5.57,RU,1619716629
331,himmaste,58.0878,27.0909,46.4,66,90,4.61,EE,1619716630
332,lydenburg,-25.0978,30.4597,53.01,46,46,2.17,ZA,1619716631
333,gambela,8.25,34.5833,77.81,68,100,3.06,ET,1619716631
334,mackay,-21.15,149.2,66.2,100,75,17.27,AU,1619716632
335,altenholz,54.4,10.1333,45.0,100,90,13.8,DE,1619716632
336,umm lajj,25.0213,37.2685,83.41,52,9,5.97,SA,1619716633
337,mirandola,44.8868,11.0662,64.0,82,100,1.99,IT,1619716633
338,nipawin,53.3668,-104.0009,41.0,48,40,18.41,CA,1619716633
339,roald,62.5833,6.1333,45.0,57,20,17.27,NO,1619716635
340,changqing,36.5575,116.7272,54.37,18,1,4.03,CN,1619716635
341,ronne,55.1009,14.7066,46.4,93,90,12.66,DK,1619716636
342,kruisfontein,-34.0033,24.7314,57.0,94,100,1.01,ZA,1619716637
343,vincennes,48.85,2.4333,55.99,47,75,6.91,FR,1619716637
344,yeniseysk,58.4497,92.1703,37.18,94,98,7.94,RU,1619716638
345,kodiak,57.79,-152.4072,39.2,87,90,4.61,US,1619716638
346,katangli,51.7102,143.2326,29.32,87,100,7.43,RU,1619716638
347,brigantine,39.4101,-74.3646,80.6,50,75,9.22,US,1619716639
348,wuhu,31.3366,118.3755,69.8,60,0,4.47,CN,1619716639
349,da nang,16.0678,108.2208,78.8,78,20,1.14,VN,1619716641
350,bowen,-20.0167,148.2333,66.2,94,90,4.61,AU,1619716641
351,hanzhong,33.0728,107.0303,60.62,74,23,2.86,CN,1619716642
352,savonlinna,61.8699,28.88,41.0,36,0,2.3,FI,1619716643
353,rio grande,-32.035,-52.0986,73.0,56,40,4.61,BR,1619716643
354,san patricio,28.017,-97.5169,82.4,83,90,8.05,US,1619716643
355,marsh harbour,26.5412,-77.0636,77.4,70,100,15.97,BS,1619716644
356,coihaique,-45.5752,-72.0662,60.8,72,75,6.91,CL,1619716644
357,srednekolymsk,67.45,153.6833,25.7,91,71,5.37,RU,1619716646
358,ust-maya,60.4167,134.5333,27.07,98,95,3.02,RU,1619716646
359,westport,41.1415,-73.3579,61.0,94,90,8.05,US,1619716647
360,adrar,20.5022,-10.0711,99.97,11,53,8.61,MR,1619716647
361,himatangi,-40.4,175.3167,55.0,90,100,1.99,NZ,1619716648
362,nishihara,26.1842,127.7558,62.6,88,40,4.61,JP,1619716649
363,aklavik,68.2191,-135.0107,28.4,50,91,8.05,CA,1619716649
364,haines junction,60.7522,-137.5108,33.8,64,97,2.3,CA,1619716650
365,yongan,39.6957,113.6871,43.11,20,87,4.61,CN,1619716650
366,sao joao da barra,-21.6403,-41.0511,77.0,65,0,16.11,BR,1619716651
367,matay,28.419,30.7792,91.67,6,0,2.42,EG,1619716651
368,kutum,14.2,24.6667,86.99,11,79,7.38,SD,1619716652
369,seljord,59.4894,8.634,50.0,43,75,8.05,NO,1619716652
370,vwawa,-9.1167,32.9333,61.54,94,47,3.53,TZ,1619716653
371,mayo,38.8876,-76.5119,82.4,51,1,3.44,US,1619716653
372,anchorage,61.2181,-149.9003,44.6,61,90,4.61,US,1619716612
373,tabas,33.5959,56.9244,74.07,49,100,21.21,IR,1619716654
374,sitka,57.0531,-135.33,46.4,93,90,5.23,US,1619716423
375,otse,-25.0167,25.7333,73.4,33,0,5.75,BW,1619716655
376,asfi,32.2994,-9.2372,65.39,68,5,16.26,MA,1619716454
377,alugan,12.2188,125.4808,76.39,82,96,0.89,PH,1619716655
378,tabuk,17.4189,121.4443,74.08,87,79,3.56,PH,1619716656
379,okhotsk,59.3833,143.3,30.88,89,18,0.13,RU,1619716656
380,iqaluit,63.7506,-68.5145,33.8,93,90,12.66,CA,1619716657
381,pulaski,34.7668,-92.3001,71.6,83,90,6.91,US,1619716657
382,atherton,53.5237,-2.4935,48.99,67,100,3.0,GB,1619716658
383,bonavista,48.6499,-53.1147,48.2,57,94,4.61,CA,1619716658
384,kindu,-2.95,25.95,77.02,82,99,1.63,CD,1619716659
385,bambari,5.768,20.6757,80.58,63,100,1.81,CF,1619716659
386,high level,58.5169,-117.136,33.8,55,75,13.8,CA,1619716660
387,dunedin,-45.8742,170.5036,53.01,78,100,1.01,NZ,1619716660
388,krasnoselkup,65.7,82.4667,31.14,91,99,12.53,RU,1619716661
389,wewak,-3.5534,143.6268,78.6,86,38,8.43,PG,1619716662
390,qaqortoq,60.7167,-46.0333,41.0,70,75,5.75,GL,1619716662
391,goure,13.9835,10.2704,100.0,2,1,5.99,NE,1619716662
392,correia pinto,-27.5847,-50.3611,69.51,39,0,4.79,BR,1619716663
393,yanam,16.7333,82.2167,84.2,65,40,9.22,IN,1619716664
394,daan,33.0558,106.2958,59.13,83,16,3.04,CN,1619716664
395,mimoso do sul,-21.0642,-41.3664,76.98,69,80,6.02,BR,1619716665
396,pailon,-17.65,-62.75,78.8,46,75,12.66,BO,1619716665
397,guarapari,-20.6667,-40.4975,80.6,69,40,11.5,BR,1619716666
398,khiri mat,16.8333,99.8,82.0,99,99,5.17,TH,1619716666
399,ponta delgada,37.7333,-25.6667,60.8,63,40,17.27,PT,1619716667
400,kibaya,-5.3,36.5667,60.08,98,62,4.03,TZ,1619716667
401,pidhorodne,48.5753,35.1068,57.2,62,0,2.24,UA,1619716668
402,khandyga,62.6667,135.6,27.73,99,100,1.21,RU,1619716670
403,vazante,-17.9869,-46.9078,87.12,36,41,3.67,BR,1619716670
404,salinopolis,-0.6136,-47.3561,82.24,77,70,7.27,BR,1619716671
405,sabha,27.0377,14.4283,95.23,7,95,4.92,LY,1619716672
406,salalah,17.0151,54.0924,84.2,79,75,8.05,OM,1619716633
407,port hardy,50.6996,-127.4199,48.2,100,90,13.8,CA,1619716672
408,norman wells,65.282,-126.8329,33.8,55,75,10.36,CA,1619716670
409,plettenberg bay,-34.0527,23.3716,58.59,80,100,3.53,ZA,1619716673
410,dicabisagan,17.0818,122.4157,75.85,77,53,2.15,PH,1619716675
411,huitziltepec,17.8167,-99.4667,88.0,31,58,4.0,MX,1619716675
412,wuxue,29.8506,115.5525,64.56,79,0,4.43,CN,1619716676
413,cesvaine,56.9667,26.3167,46.36,76,100,4.07,LV,1619716676
414,esfahan,32.6572,51.6776,73.4,17,0,11.5,IR,1619716677
415,wanaka,-44.7,169.15,48.25,89,100,4.47,NZ,1619716677
416,caravelas,-17.7125,-39.2481,78.8,74,23,10.98,BR,1619716678
417,kongolo,-5.3833,27.0,76.98,77,92,1.57,CD,1619716678
418,pontian kecil,1.4801,103.3899,78.01,100,20,1.14,MY,1619716679
419,bethanien,-26.502,17.1583,61.9,42,68,16.24,NA,1619716660
420,thompson,55.7435,-97.8558,30.2,51,75,16.11,CA,1619716680
421,dalbandin,28.8947,64.4101,82.08,25,97,6.02,PK,1619716680
422,xunchang,28.4543,104.715,66.9,75,24,1.21,CN,1619716681
423,champerico,14.3,-91.9167,84.2,65,0,5.03,GT,1619716681
424,natal,-5.795,-35.2094,86.0,74,75,16.11,BR,1619716682
425,orlik,52.5178,99.825,27.79,92,46,1.45,RU,1619716682
426,burnie,-41.0667,145.9167,53.01,93,96,1.99,AU,1619716683
427,kaitangata,-46.2817,169.8464,55.0,74,100,11.01,NZ,1619716683
428,kalakamati,-20.5929,27.3121,71.4,46,40,5.64,BW,1619716684
429,payakumbuh,-0.2202,100.6308,70.75,98,100,2.21,ID,1619716684
430,tottori,35.5,134.2333,52.45,88,0,7.94,JP,1619716685
431,matara,5.9485,80.5353,78.1,88,81,5.88,LK,1619716685
432,srandakan,-7.9386,110.2506,76.82,82,94,2.17,ID,1619716669
433,pontianak,-0.0333,109.3333,78.8,94,75,2.3,ID,1619716598
434,bara,10.3744,10.7288,99.91,18,36,5.82,NG,1619716686
435,bilma,18.6853,12.9164,98.49,3,1,9.8,NE,1619716406
436,tsaratanana,-16.7833,47.65,74.71,78,57,8.57,MG,1619716687
437,kodinsk,58.6881,99.1844,25.23,94,18,3.27,RU,1619716688
438,los llanos de aridane,28.6585,-17.9182,69.8,73,75,6.91,ES,1619716688
439,mestia,43.0458,42.7278,44.19,99,100,0.83,GE,1619716689
440,najran,17.4924,44.1277,78.8,41,75,6.91,SA,1619716653
441,rundu,-17.9333,19.7667,76.42,37,69,5.57,NA,1619716689
442,porto belo,-27.1578,-48.5531,77.0,64,20,9.22,BR,1619716690
443,brae,60.3964,-1.353,44.6,65,40,18.41,GB,1619716690
444,chara,56.9064,118.2631,15.73,86,98,1.92,RU,1619716691
445,mitu,1.1983,-70.1733,77.81,92,92,4.38,CO,1619716401
446,katherine,-14.4667,132.2667,71.6,83,18,4.61,AU,1619716692
447,lasa,46.6166,10.7002,62.6,87,75,8.05,IT,1619716692
448,mamallapuram,12.6264,80.1722,87.01,74,20,6.91,IN,1619716695
449,mantua,45.1667,10.7833,60.01,92,100,1.99,IT,1619716695
450,miraflores,19.2167,-98.8083,75.2,38,1,4.61,MX,1619716696
451,qarqin,37.4185,66.0436,89.6,12,0,5.82,AF,1619716696
452,yeppoon,-23.1333,150.7333,68.0,77,40,5.75,AU,1619716442
453,nelson bay,-32.7167,152.15,53.01,93,40,3.74,AU,1619716672
454,caraquet,47.7941,-64.9386,51.8,50,14,8.05,CA,1619716698
455,avera,33.194,-82.5271,80.6,73,90,8.05,US,1619716699
456,sikonge,-5.6333,32.7667,75.2,69,20,9.22,TZ,1619716700
457,mahibadhoo,3.7833,72.9667,84.16,67,36,7.25,MV,1619716701
458,moron,-34.6534,-58.6198,75.99,50,0,3.0,AR,1619716702
459,turukhansk,65.8167,87.9833,25.05,92,88,7.16,RU,1619716702
460,montero,-17.3333,-63.25,78.8,46,75,12.66,BO,1619716704
461,lagos,6.5833,3.75,86.0,74,40,8.05,NG,1619716497
462,fortuna,40.5982,-124.1573,46.4,100,90,4.61,US,1619716668
463,lushoto,-4.7833,38.2833,60.96,94,81,2.77,TZ,1619716705
464,chiang kham,19.5233,100.3,71.6,100,90,5.75,TH,1619716706
465,onega,63.9061,38.1404,33.71,69,100,4.92,RU,1619716706
466,alofi,-19.0595,-169.9187,75.2,100,100,1.14,NU,1619716707
467,southport,53.6478,-3.0065,48.2,61,20,9.22,GB,1619716707
468,nizwa,22.9333,57.5333,84.58,28,100,6.58,OM,1619716708
469,mbaiki,3.8678,17.9892,81.25,57,95,4.09,CF,1619716448
470,xichang,27.8964,102.2634,61.43,54,92,0.65,CN,1619716709
471,rafraf,37.1904,10.1837,75.2,73,20,8.05,TN,1619716709
472,berlevag,70.8578,29.0864,32.0,74,75,19.57,NO,1619716710
473,oranjemund,-28.55,16.4333,58.82,87,0,21.14,NA,1619716710
474,isangel,-19.55,169.2667,73.17,76,31,12.28,VU,1619716706
475,labuhan,-6.8844,112.2051,78.62,85,87,6.29,ID,1619716701
476,gizo,-8.103,156.8419,81.3,73,88,3.42,SB,1619716711
477,kupang,-10.1667,123.5833,76.96,88,53,6.35,ID,1619716712
478,kalugumalai,9.15,77.7167,85.01,63,77,9.89,IN,1619716713
479,smithers,54.7804,-127.1743,50.0,76,75,8.05,CA,1619716502
480,marabba,12.35,32.1833,95.56,30,88,15.32,SD,1619716714
481,aginskoye,51.1,114.53,31.14,91,100,7.29,RU,1619716714
482,hami,42.8,93.45,73.45,16,15,7.49,CN,1619716709
483,boyolangu,-8.1181,111.8935,75.25,89,97,0.72,ID,1619716715
484,husavik,66.0449,-17.3389,42.8,65,0,13.8,IS,1619716705
485,fraga,41.5229,0.3489,68.0,63,40,8.05,ES,1619716715
486,lorengau,-2.0226,147.2712,80.28,80,51,4.21,PG,1619716716
487,nurlat,54.4277,50.8051,43.38,74,75,6.08,RU,1619716572
488,starcevo,41.4167,25.0667,64.4,72,0,5.75,BG,1619716716
489,formosa,-26.1775,-58.1781,73.4,53,0,6.91,AR,1619716717
490,poum,-20.2333,164.0167,75.13,62,36,14.79,NC,1619716717
491,vestmannaeyjar,63.4427,-20.2734,42.8,87,90,3.44,IS,1619716718
492,suhbaatar,50.2314,106.2078,37.18,53,100,4.85,MN,1619716718
493,ghorawal,24.7667,82.7833,90.21,8,10,3.6,IN,1619716719
494,huangmei,30.1924,116.025,65.89,78,0,1.92,CN,1619716719
495,abu samrah,35.3029,37.1841,78.21,35,44,11.05,SY,1619716720
496,eenhana,-17.4667,16.3333,76.15,37,47,2.77,NA,1619716721
497,karratha,-20.7377,116.8463,80.17,46,0,7.0,AU,1619716722
498,gushikawa,26.3544,127.8686,62.6,88,20,3.44,JP,1619716676
499,cody,44.5263,-109.0565,64.99,25,1,4.61,US,1619716618
500,severo-kurilsk,50.6789,156.125,34.59,89,77,7.11,RU,1619716724
501,katobu,-4.9408,122.5276,74.34,84,73,2.59,ID,1619716725
502,brantford,43.1334,-80.2664,48.99,92,100,1.99,CA,1619716726
503,sobolevo,54.4299,31.8996,47.84,70,100,8.01,RU,1619716726
504,jinchang,38.4953,102.1739,61.57,20,12,14.0,CN,1619716727
505,ibra,22.6906,58.5334,87.06,23,97,6.42,OM,1619716727
506,tura,25.5198,90.2201,80.38,31,30,3.29,IN,1619716728
507,alice springs,-23.7,133.8833,46.4,57,60,5.75,AU,1619716675
508,ust-barguzin,53.45,108.9833,19.65,90,28,0.4,RU,1619716728
509,sorkjosen,69.8,20.9333,32.0,93,90,11.5,NO,1619716729
510,mehamn,71.0357,27.8492,32.0,74,40,2.3,NO,1619716730
511,qinhuangdao,39.9317,119.5883,48.2,54,5,3.22,CN,1619716730
512,nome,64.5011,-165.4064,23.0,74,1,8.05,US,1619716512
513,paamiut,61.994,-49.6678,37.44,81,17,4.18,GL,1619716732
514,hede,33.7681,120.2517,53.83,65,2,5.32,CN,1619716732
515,novouzensk,50.4592,48.1431,50.27,46,27,5.12,RU,1619716733
516,palauig,15.435,119.9045,78.93,75,72,7.74,PH,1619716734
517,tautira,-17.7333,-149.15,77.0,78,20,4.61,PF,1619716734
518,anadyr,64.75,177.4833,14.0,85,0,4.47,RU,1619716735
519,olinda,-8.0089,-34.8553,82.4,69,40,14.97,BR,1619716735
520,baker city,44.7749,-117.8344,59.0,58,1,4.25,US,1619716736
521,reconquista,-29.15,-59.65,72.03,43,0,5.1,AR,1619716737
522,lake havasu city,34.4839,-114.3224,84.2,12,1,12.66,US,1619716679
523,manta,-0.95,-80.7333,84.2,70,75,8.05,EC,1619716672
524,antibes,43.5624,7.1278,62.6,88,20,2.3,FR,1619716737
525,weymouth,42.2209,-70.9398,55.99,100,100,5.23,US,1619716542
526,cururupu,-1.8283,-44.8683,84.15,74,65,4.16,BR,1619716738
527,grand gaube,-20.0064,57.6608,77.0,86,38,7.0,MU,1619716673
528,puerto baquerizo moreno,-0.9,-89.6,82.4,74,20,14.97,EC,1619716739
529,murgab,37.4966,61.9714,77.0,36,90,18.41,TM,1619716739
530,kefamenanu,-9.4467,124.4781,70.21,94,49,2.55,ID,1619716740
531,shakawe,-18.3667,21.85,73.51,50,70,2.71,BW,1619716741
532,kahului,20.8947,-156.47,73.4,100,40,6.91,US,1619716524
533,port victoria,0.0939,33.9756,73.44,75,69,4.34,KE,1619716742
534,foxton,-40.4667,175.3,54.0,93,100,4.0,NZ,1619716742
535,presidente franco,-25.5333,-54.6167,80.6,47,0,2.3,PY,1619716743
536,doka,13.5167,35.7667,98.6,13,85,15.17,SD,1619716640
537,esperance,-33.8667,121.9,64.4,82,90,20.71,AU,1619716733
538,male,4.1748,73.5089,86.0,79,75,9.22,MV,1619716504
539,sabang,5.8933,95.3214,83.37,69,100,3.62,ID,1619716718
540,mao,39.8885,4.2658,64.4,82,20,5.75,ES,1619716745
541,wamba,8.9333,8.6,93.69,32,31,8.95,NG,1619716745
542,bardiyah,31.7561,25.0865,75.27,47,1,6.44,LY,1619716746
543,carauari,-4.8828,-66.8958,77.92,85,100,4.23,BR,1619716683
544,san joaquin,37.9333,-121.3011,79.0,33,1,6.91,US,1619716747
545,sembakung,3.8167,117.25,72.9,98,31,0.92,ID,1619716697
546,strone,55.9856,-4.908,53.01,46,100,6.91,GB,1619716747
547,tilichiki,60.4667,166.1,30.4,98,100,1.68,RU,1619716724
548,eyl,7.9803,49.8164,84.63,69,61,11.72,SO,1619716748
549,antalaha,-14.9003,50.2788,76.62,85,1,9.46,MG,1619716748
550,zyryanskoye,56.8306,86.6258,44.73,78,100,6.82,RU,1619716749
551,gogrial,8.5332,28.1004,78.58,68,99,1.19,SS,1619716749
552,puerto ayacucho,5.6639,-67.6236,74.59,93,100,2.53,VE,1619716750
553,darhan,49.4867,105.9228,37.76,81,100,5.82,MN,1619716730
554,barreirinhas,-2.7469,-42.8264,83.25,76,96,6.51,BR,1619716751
555,lawton,34.6087,-98.3903,66.2,68,1,17.27,US,1619716751
556,san policarpo,12.1791,125.5072,76.82,81,90,1.32,PH,1619716711
557,raga,8.4596,25.678,78.13,64,96,4.52,SS,1619716752
558,sao miguel do araguaia,-13.275,-50.1628,88.09,50,69,4.9,BR,1619716753
